<?xml version="1.0"?>
<data grt_format="2.0">
  <value _ptr_="0x600002189680" type="list" content-type="object" content-struct-name="db.mgmt.ServerInstance">
    <value type="object" struct-name="db.mgmt.ServerInstance" id="A7E97347-C177-4BFA-8AC0-E44E3A69890F" struct-checksum="0x367436e2">
      <link type="object" struct-name="db.mgmt.Connection" key="connection">DBC42D02-12C5-4759-BFAF-96DB8704EDD4</link>
      <value _ptr_="0x600002138180" type="dict" key="loginInfo">
        <value type="string" key="ssh.hostName"></value>
        <value type="string" key="ssh.key">~/.ssh/ssh_private_key</value>
        <value type="string" key="ssh.localPort">3306</value>
        <value type="int" key="ssh.useKey">0</value>
        <value type="string" key="ssh.userName">mysql</value>
      </value>
      <value _ptr_="0x600002138d80" type="dict" key="serverInfo">
        <value type="string" key="serverVersion">8.0</value>
        <value type="int" key="setupPending">0</value>
        <value type="string" key="sys.config.path">~/sandboxes/msb_|Enter version here|/my.sandbox.cnf</value>
        <value type="string" key="sys.config.section">mysqld</value>
        <value type="string" key="sys.mysqld.start">~/sandboxes/msb_|Enter version here|/start</value>
        <value type="string" key="sys.mysqld.stop">~/sandboxes/msb_|Enter version here|/stop</value>
        <value type="string" key="sys.sudo"></value>
        <value type="string" key="sys.system">macOS</value>
        <value type="int" key="sys.usesudo">0</value>
      </value>
      <value type="string" key="name">Development Connection</value>
    </value>
  </value>
</data>
